<?xml version="1.0" encoding="UTF-8"?>
<beans xmlns="http://www.springframework.org/schema/beans"
	xmlns:xsi="http://www.w3.org/2001/XMLSchema-instance"
	xsi:schemaLocation="http://www.springframework.org/schema/beans http://www.springframework.org/schema/beans/spring-beans.xsd">

  <bean class="com.gdu.prj01.xml02.Student"
        id="student"
        scope="singleton">
  
    <property name="scores">
      <list>
        <value>90</value>
        <value>91</value>
        <value>92</value>
      </list>
    </property>
    
    <property name="contacts">
      <set>
        <value>010-1111-2222</value>
        <value>02-3333-4444</value>
      </set>
    </property>
    
    <property name="friends">
      <map>
        <entry key="동네친구" value="길동" />
        <entry key="운동친구" value="또치" />
      </map>
    </property>
  
  </bean>

</beans>