<?xml version="1.0" encoding="UTF-8"?>
<beans:beans xmlns="http://www.springframework.org/schema/mvc"
  xmlns:xsi="http://www.w3.org/2001/XMLSchema-instance"
  xmlns:beans="http://www.springframework.org/schema/beans"
  xmlns:context="http://www.springframework.org/schema/context"
  xmlns:task="http://www.springframework.org/schema/task"
  xmlns:aop="http://www.springframework.org/schema/aop"
  xsi:schemaLocation="http://www.springframework.org/schema/mvc https://www.springframework.org/schema/mvc/spring-mvc.xsd
		http://www.springframework.org/schema/task http://www.springframework.org/schema/task/spring-task-4.3.xsd
		http://www.springframework.org/schema/beans https://www.springframework.org/schema/beans/spring-beans.xsd
		http://www.springframework.org/schema/context https://www.springframework.org/schema/context/spring-context.xsd
		http://www.springframework.org/schema/aop http://www.springframework.org/schema/aop/spring-aop-4.3.xsd">

  <!-- DispatcherServlet Context: defines this servlet's request-processing infrastructure -->
  
  <!-- Enables the Spring MVC @Controller programming model -->
  <annotation-driven />

  <!-- Handles HTTP GET requests for /resources/** by efficiently serving up static resources in the ${webappRoot}/resources directory -->
  <resources mapping="/resources/**" location="/resources/" />

  <!-- Resolves views selected for rendering by @Controllers to .jsp resources in the /WEB-INF/views directory -->
  <beans:bean class="org.springframework.web.servlet.view.InternalResourceViewResolver">
    <beans:property name="prefix" value="/WEB-INF/views/" />
    <beans:property name="suffix" value=".jsp" />
  </beans:bean>
  
  <context:component-scan base-package="com.gdu.prj07" />
  
  <!-- @Scheduled 허용 -->
  <task:annotation-driven/>
  
  <!-- 인터셉터 bean 등록 -->
  <beans:bean class="com.gdu.prj07.interceptor.ContactInterceptor"
              id="contactInterceptor"
              scope="singleton"/>
  <beans:bean class="com.gdu.prj07.interceptor.LoginCheckInterceptor"
              id="loginCheckInterceptor"
              scope="singleton"/>
  
  <!-- mapping 에 따른 인터셉터 등록 -->
  <interceptors>
    <interceptor>
      <mapping path="/contact/detail.do"/>
      <beans:ref bean="contactInterceptor"/>
    </interceptor>
    <interceptor>
      <mapping path="/contact/write.do"/>
      <beans:ref bean="loginCheckInterceptor"/> 
    </interceptor>
  </interceptors>
  
</beans:beans>
